[{
  "_id": {
    "$oid": "62c8e1df037cf456fef8a52f"
  },
  "uuid": "18f650d2-cdce-4704-bd58-0b1b9e2a87f0",
  "Date_In": "2022-07-11",
  "Date_Out": "2022-07-14",
  "Count": "3",
  "Card_Code1": "4560",
  "Card_Code2": "6778",
  "Card_Code3": "0010",
  "Card_Code4": "4562",
  "Days": "3",
  "Radio": "Credit",
  "Wallet": 2720,
  "Random_Id": 56781
},{
  "_id": {
    "$oid": "62c8e42e0e7054d9f763a01a"
  },
  "uuid": "8e3928bf-f94b-4432-99e4-4201a649b665",
  "Date_In": "2022-07-26",
  "Date_Out": "2022-07-30",
  "Count": "4",
  "Card_Code1": "3470",
  "Card_Code2": "2864",
  "Card_Code3": "7986",
  "Card_Code4": "4444",
  "Days": "4",
  "Radio": "Credit",
  "Wallet": 5600,
  "Random_Id": 99432
},{
  "_id": {
    "$oid": "62c8e575acde290644ebadb7"
  },
  "uuid": "88a657e1-b253-453b-a32a-552c4c863fcd",
  "Date_In": "2022-07-14",
  "Date_Out": "2022-07-16",
  "Count": "2",
  "Card_Code1": "2222",
  "Card_Code2": "3333",
  "Card_Code3": "4444",
  "Card_Code4": "8888",
  "Days": "2",
  "Radio": "Debit",
  "Wallet": 17112,
  "Random_Id": 45680
},{
  "_id": {
    "$oid": "62c9d566de0b10b62b10218e"
  },
  "uuid": "2193b347-ac02-47c5-9f78-8d3279760705",
  "Date_In": "2022-07-10",
  "Date_Out": "2022-07-16",
  "Count": "1",
  "Card_Code1": "2222",
  "Card_Code2": "1111",
  "Card_Code3": "5555",
  "Card_Code4": "8888",
  "Days": "6",
  "Radio": "Debit",
  "Wallet": 16160,
  "Random_Id": 10000
}]