[{
  "_id": {
    "$oid": "62a9bbea8ea920cddaa6934b"
  },
  "Username": "Itachi",
  "Password": "Uchiha",
  "Email": "konoha@village.com",
  "uuid": "8e3928bf-f94b-4432-99e4-4201a649b665",
  "Comments": "Finland is a wondrous destination with many interesting places, however some places weren't to much to my liking as well as the food!!!! !!",
  "Image": "{\"fieldname\":\"imagefile\",\"originalname\":\"NicePng_purple-rose-png_4399017.png\",\"encoding\":\"7bit\",\"mimetype\":\"image/png\",\"destination\":\"./uploads\",\"filename\":\"NicePng_purple-rose-png_4399017.png\",\"path\":\"uploads\\\\NicePng_purple-rose-png_4399017.png\",\"size\":2202}"
},{
  "_id": {
    "$oid": "62a9c48348244617c0bf7bf2"
  },
  "Username": "Edward",
  "Password": "Elric",
  "Email": "fullmetal@alchemist.com",
  "uuid": "18f650d2-cdce-4704-bd58-0b1b9e2a87f0",
  "Commnets": "Finland was wonderful, howevwe every good location is far away and the expenses for transportation are a lot!!!!",
  "Image": ""
},{
  "_id": {
    "$oid": "62c4729eca466859a2717f36"
  },
  "Username": "Raiden",
  "Password": "Shogun",
  "Email": "inazuma@eternity.com",
  "uuid": "59010f9f-2f0b-461f-86ae-c4d000af927b",
  "Comments": "Finland is a place of many wonders, with lots of unique dishes and spots fro relaxation!!!!",
  "Image": ""
},{
  "_id": {
    "$oid": "62c9d49ade0b10b62b10218d"
  },
  "Username": "spoilertwentieth-century",
  "Password": "pascal12",
  "Email": "student@unipi.gr",
  "uuid": "2193b347-ac02-47c5-9f78-8d3279760705",
  "Comments": "I love finland",
  "Image": "{\"fieldname\":\"imagefile\",\"originalname\":\"Î£ÏÎ¹Î³Î¼Î¹ÏÏÏÏÎ¿ Î¿Î¸ÏÎ½Î·Ï 2022-03-16 002452.png\",\"encoding\":\"7bit\",\"mimetype\":\"image/png\",\"destination\":\"./uploads\",\"filename\":\"Î£ÏÎ¹Î³Î¼Î¹ÏÏÏÏÎ¿ Î¿Î¸ÏÎ½Î·Ï 2022-03-16 002452.png\",\"path\":\"uploads\\\\Î£ÏÎ¹Î³Î¼Î¹ÏÏÏÏÎ¿ Î¿Î¸ÏÎ½Î·Ï 2022-03-16 002452.png\",\"size\":3718428}"
}]